label,,label,review
accueil / politesse,2621,accueil / politesse,'employÃ©s payÃ©s Ã  Ãªtre dÃ©sagrÃ©ables et incompÃ©tents qui n''ont aucune envie d''aider leurs clients Ã  rÃ©soudre leurs problÃ¨mes. forfait rÃ©siliÃ©. '
accueil / politesse,1193,accueil / politesse,comme d'habitude trÃ¨s gentil trÃ¨s bon accueil les personnes sont de trÃ¨s bons conseil et ne sont pas dans l'excÃ¨s de vendre pour vendre.
accueil / politesse,1439,accueil / politesse,bon accueil et efficaces. que demander de plus ?
accueil / politesse,1069,accueil / politesse,conseillÃ¨re sympathique et agrÃ©able qui nous a fait Ã©conomiser pas mal dâ€™argent (en me conseillant de prendre Ã  mon nom lâ€™abonnent de mon Ã©pouse qui nâ€™a pas encore de titre de sÃ©jour)
accueil / politesse,474,accueil / politesse,"comment vous dire...  magasin ridiculement petit mais bon disons que ce nâ€™est pas leur faute, malgrÃ© Ã§a une heure dâ€™attente pour dÃ©poser un tÃ©lÃ©phone ce qui a pris exactement 30 secondes. sans parler de la courtoisie des vendeurs, apparemment les employÃ©s ne connaissent pas le sens clientÃ¨le et nâ€™ont pas Ã©tÃ© formÃ©s pour cela. Ã©tant client orange depuis plus de 6 ans jâ€™ai Ã©tÃ© traitÃ© comme un dÃ©rangement avec mon problÃ¨me de tÃ©lÃ©phone et nâ€™ont fait que de me demander dâ€™appeler le service client par flemme de rÃ©soudre mon problÃ¨me. une fois le service client appelÃ© on me rÃ©torque que câ€™est bien en boutique que je dois rÃ©soudre mon problÃ¨me. heureusement que les personnes au service clientÃ¨le sont meilleurs que les vendeurs de cet foutue boutique.  a Ã©viter !!!!"
accueil / politesse,1522,accueil / politesse,"(traduit par google) les nombreuses oranges que j'ai visitÃ©es Ã©taient les plus agrÃ©ables en termes de service Ã  la clientÃ¨le et de courtoisie.  (original) the many oranges i have went to, they were the nicest in terms of customer service and courtesy."
accueil / politesse,526,accueil / politesse,du personnel trÃ¨s aimable !
accueil / politesse,949,accueil / politesse,Il est 10h20 et la boutique est toujours fermÃ©e !! Vendeur abruti qui mâ€™oblige Ã  patienter aprÃ¨s toute la file dâ€™attente pour rÃ©cupÃ©rer un colis Chronopost !
accueil / politesse,1313,accueil / politesse,"trÃ£Â¨s bonne expÃ£Â©rience dans cette boutique : problÃ£Â¨me rÃ£Â©solu instantanÃ£Â©ment, vendeurs agrÃ£Â©ables et proposition spontanÃ£Â©e d'un tÃ£Â©lÃ£Â©phone pour remplacer celui que je m'Ã£Â©tais fait voler."
accueil / politesse,1280,accueil / politesse,"l'Ã©quipe a l'air dynamique, mais j'ai Ã©tÃ© accueilli trÃ¨s froidement par un certain d., qui s'est contentÃ© de me renvoyer vers le service client tÃ©lÃ©phonique d'une faÃ§on trÃ¨s dÃ©sagrÃ©able et condescendante. compte-tenu des prix auxquels sont vendus mobiles et forfaits, c'est dommage d'avoir cette impression de dÃ©ranger..."
accueil / politesse,2219,accueil / politesse,orange opÃ£Â©ra beaucoup mieux que orange champ Ã£Â‰lysÃ£Â©e j'avais l'impression de parler Ã£Â  un mÃ£Â»r je parlais tout seul !!!
accueil / politesse,882,accueil / politesse,Je passe chez orange pour la premier fois! Lâ€™accueil ce gÃ©nial  J espÃ¨re que le service aprÃ¨s vente aussi  Pour le moment j donne les 5 Ã©toiles
accueil / politesse,486,accueil / politesse,"personnel Ã£Â  l'accueil faisant rÃ£Â©ellement office d'accueil et de bienvenu... un vrai plaisir d'Ã£Âªtre accueilli de la sorte avec courtoisie et sourire. pas eu besoin de passer par la case conseiller donc impossible Ã£Â  juger, mais en tout cas il y avait de nombreux conseiller en train de renseigner des clients. Ã£Â‡a change des boutiques oÃ£Â¹ les Ã£Â®lots de conseils sont dÃ£Â©sespÃ£Â©rÃ£Â©ment vides..."
accueil / politesse,800,accueil / politesse,"Personnel dÃ©sagrÃ©able, agressif, pas Ã  l'Ã©coute. Attente extrÃªmement longue. Mauvaise organisation. Boutique Ã  Ã©viter !"
accueil / politesse,1638,accueil / politesse,"profondÃ©ment dÃ©Ã§ue de lâ€™accueil rÃ©servÃ© Ã  la clientÃ¨le... pas un bonjour, pas un sourire, on nous envoie directement Ã  un conseillÃ© que Ã§a nâ€™intÃ©resse visiblement pas de gÃ©rer les clients.  clairement ont le dÃ©range... il nous parle comme si nous Ã©tions dÃ©biles, et Ã  toutes nos questions, deux rÃ©ponses: allez voir sur internet, ou allez voir sur votre tÃ©lÃ©vision... attitude que je juge vraiment inacceptable et presque agressive. pas une seule fois il n'a essayÃ© de nous aider, sous prÃ©texte que de toute faÃ§on les boutiques vont fermer et que les clients ne passerons que par internet ou tÃ©lÃ©phone pour rÃ©soudre leurs problÃ¨mes.... bref aprÃ¨s cette expÃ©rience non seulement je ne reviendrais plus, mais nous allons changer d'opÃ©rateur, c'est dommage car Ã  la base ce n'Ã©tait nullement notre intention."
accueil / politesse,123,accueil / politesse,"accueil pathÃ©tique. une personne a lâ€™accueil qui ne sait pas inscrire quelquâ€™un sur la liste, rÃ©sultat une heure dâ€™attente pour rien, pour au final Ãªtre reÃ§u pour nous expliquer que câ€™est impossible de changer de tÃ©lÃ©phone car il faut 48h pour changer un simple nom de famille.  la monsieur a lâ€™accueil est incompÃ©tente car il ne connait absolument pas son travail.   boutique Ã  fuir absolument."
accueil / politesse,610,accueil / politesse,"Ã  Ã©viter. personnel audieux et incompÃ©tent, accueil catastrophe. Ã©nervement ne sert Ã  rien car..."
accueil / politesse,2620,accueil / politesse,"Mal accueillie, mal informÃ©e, et le vendeur agacÃ©. Je changerai mon forfait par tÃ©lÃ©phone  et si l'accueil est le mÃªme, je changerai d'opÃ©rateur"
accueil / politesse,1665,accueil / politesse,accueil excellent temps d'attente cours
accueil / politesse,2057,accueil / politesse,"'accueil inexistant, vendeuse dÃ©sagrÃ©able au possible et incompÃ©tente. aucunes solutions proposÃ©es pour rÃ©pondre Ã  mon problÃ¨me. passez votre chemin c''est pathÃ©tique d''avoir une expÃ©rience client aussi pauvre en 2017 ...'"
accueil / politesse,1664,accueil / politesse,Pas aimable ni compÃ©tent
accueil / politesse,363,accueil / politesse,"beaucoup de personnel. bon accueil, mais c'est bien tout."
accueil / politesse,1587,accueil / politesse,parsonnel aimable et efficace
accueil / politesse,1521,accueil / politesse,Excellent accueil
accueil / politesse,1128,accueil / politesse,"pire boutique orange, personnel incompÃ£Â©tent et responsable de lÃ¢Â€Â™agence qui ne connaÃ£Â®t pas le mot Ã¢Â€Âœservice clientÃ¢Â€Â ! les autres boutiques orange sont vraiment Ã£Â  la hauteur, alors que celle-ci... client depuis 2005, je nÃ¢Â€Â™ai jamais vÃ£Â©cu un pire service avec orange que dans cette boutique ! honteux"
accueil / politesse,976,accueil / politesse,excellent accueil mais surtout grande disponibilitÃ£Â© des vendeurs et grandes compÃ£Â©tences dans le domaine technique. boutique dont le fonctionnement est hors du commun.
accueil / politesse,1579,accueil / politesse,bien reÃ§u
accueil / politesse,1717,accueil / politesse,jamais aussi mal reÃ§ue dans une boutique. vendeuse extrÃªmement agressive et vulgaire.
accueil / politesse,1840,accueil / politesse,"'un opÃ©rateur qui a pignon sur rue, cela compte mÃªme si les conseillers ne sont pas toujours Ã  la hauteur,  c''est Ã  dire au niveau du nÃ©ophyte.....'"
accueil / politesse,366,accueil / politesse,'trÃ¨s bien accueillie et commercial Ã  l''Ã©coute'
accueil / politesse,2548,accueil / politesse,"une honte. sidÃ©rant d'Ãªtre aussi mal reÃ§u. jamais vu Ã§a. cela faisait bien longtemps que je n'Ã©tais pas venu, et j'avais Ã©tÃ© trÃ¨s bien accueilli. mais lÃ ... une catastrophe ! quel dommage. j'espÃ¨re sincerement que les conseillers sont d'une autre envergure...  je suis trÃ¨s sensible Ã  la rapiditÃ© de votre rÃ©action. je ne manquerai pas de prendre contact avec vos services prochainement. mais quand mÃªme, un conseil, soyez vigilant Ã  la qualitÃ© de votre accueil. j'ai aussi travaillÃ© de longues annÃ©es en boutique..."
accueil / politesse,1045,accueil / politesse,TrÃ¨s bon accueil
accueil / politesse,322,accueil / politesse,Excellent accueil
accueil / politesse,2072,accueil / politesse,(traduit par google) juge bon personnel est vraiment gentil  (original) ì‹¬ì‚¬ê¸° ì¢‹ì•„ìš” ìŠ¤íƒœí”„ë“¤ì´ ì§„ì§œ ì¹œì ˆí•¨
accueil / politesse,732,accueil / politesse,Personnel souriant mais la conseillÃ¨re paraissant nouvelle donc trÃ¨s lente.
accueil / politesse,1032,accueil / politesse,trÃ¨s bon accueil
accueil / politesse,2436,accueil / politesse,"accueil attentionnÃ© et, surtout bcp de patience pour tenter de rÃ¨gler mon pb. merci aux agents."
accueil / politesse,2465,accueil / politesse,Super accueil et service rapide en cas de problÃ¨me.
accueil / politesse,1206,accueil / politesse,(traduit par google) les consultants ignorent ma visite Ã£Â  oranzh! dÃ£Â©goÃ£Â»tant.  (original) consultants ignore my visit to oranzh! disgustingly.
accueil / politesse,827,accueil / politesse,"dÃ©solÃ© d'Ãªtre un client, mais pas d'inquiÃ©tude, je ne vous embÃªterai plus"
accueil / politesse,2335,accueil / politesse,"pas trÃ¨s aimable Ã  l'accueil, personnel au sous-sol trÃ¨s efficace"
accueil / politesse,1386,accueil / politesse,"Le must du dÃ©sagrÃ©able est ici. Un Acceuil dÃ©plorable, je pense qu'Ã  terme ils veulent fermer la boutique !"
accueil / politesse,1595,accueil / politesse,"je suis dÃ©solÃ©e. il y a des formations pour apprendre Ã  accueillir du public. il y a des formations pour apprendre Ã  communiquer avec des clients qui viennent soit pour des renseignements, soit parce qu'ils attendent des rÃ©ponses Ã  leurs problÃ¨mes liÃ©s Ã  orange. je ne reviendrai pas dans cette boutique. ce n'est pas la premiÃ¨re fois que je suis mal reÃ§ue dans ce lieu. si la raison est :trop de clients dans une file d'attente, revoyez votre organisation, votre management. vos conseillers ne semblent pas Ãªtre heureux."
accueil / politesse,872,accueil / politesse,Ã£Â‰quipe sympa et compÃ£Â©tente...
accueil / politesse,973,accueil / politesse,Accueil en boutique horrible. Les vendeurs sont dÃ©sagrÃ©ables et hautains. Service dÃ©plorable on a l'impression qu'il faut demander pardon d'Ãªtre lÃ  (dans la boutique) pour acheter ou demander un service. AmabilitÃ© zÃ©ro! A Ã©viter !!!
accueil / politesse,2048,accueil / politesse,"Boutique Orange avec les employÃ©s les plus dÃ©sagrÃ©ables que je connaisse, allez ailleurs ils sont plus sympas dans les autres boutiques Orange. Ici incompÃ©tence totale, aucune information, et dÃ©sagrÃ©able comme jamais. Une horreur !!!!"
accueil / politesse,182,accueil / politesse,"Une de mes pires experiences clients.45 minutes a attendre et a demander plusieurs a des vendeurs qui n en ont rien a faire pourquoi on ne m appelle pas.La deule personne competente est le gardien de la securite.Mais il y a certains conseillers qui ont definitivement besoin de faire un cours sur comment etre aimable avec la clientele.Conclusion, je pars d orange."
accueil / politesse,1085,accueil / politesse,"si je pouvais ne mettre 0 Ã©toile je l'aurais fait. on a eu un refus pur et simple de nous servir sous prÃ©texte que ""les clients sosh sont livrÃ©s Ã  eux-mÃªme c'est le principe du service"". sauf que fournir une carte sim c'est le service minimum qu'on ne peut pas inventer.  soit le vendeur se foutait ouvertement de nous, soit il faut Ãªtre mins arabe que nous pour avoir un service correct.  (edit : me donner un lien valide quand on me rÃ©pond Ã§a pourrait Ãªtre utile)"
accueil / politesse,1177,accueil / politesse,"trÃ¨s mauvais accueil , les vendeuses prÃ©fÃ©rant dÃ©baller un colis Ã  deux personnes pendant 20 minutes plutÃ´t que de s'occuper des clients qui attendaient et qui devenaient de plus en plus nombreux"
accueil / politesse,1223,accueil / politesse,"ce serait bien de noter sur le site les fermetures mÃªme exceptionnelles! aprÃ¨s vaugirard avec un accueil pitoyable, je me prÃ©sente rue du commerce ! fermeture! et bien je continue..."
cadre / atmosphÃ¨re,295,cadre / atmosphÃ¨re,"'belle boutique confortable... au standing du quartier, mais surtout amabilitÃ© et compÃ©tence des conseillers (patrick), mÃªme si l''on doit attendre un peu pour Ãªtre reÃ§u. je recommande.'"
cadre / atmosphÃ¨re,1901,cadre / atmosphÃ¨re,Pas trop de monde contrairement Ã  d'autres boutiques. Vendeur sympa
cadre / atmosphÃ¨re,139,cadre / atmosphÃ¨re,(traduit par google) belle boutique personnel serviable  (original) nice store helpful staff
cadre / atmosphÃ¨re,2044,cadre / atmosphÃ¨re,boutique sympathique
cadre / atmosphÃ¨re,2470,cadre / atmosphÃ¨re,"'pas terrible : beaucoup de monde, pas assez de personnel, peu d''attention.'"
cadre / atmosphÃ¨re,1403,cadre / atmosphÃ¨re,"'belle boutique,du choix,salon d''attente pratique,le systÃ¨me de file d''attente est simple'"
cadre / atmosphÃ¨re,2173,cadre / atmosphÃ¨re,"du choix dans les mobiles, les accessoires dans un cadre magnifique. personnel au top. possibilitÃ© de prendre rdv si on veut Ã©viter d'attendre"
cadre / atmosphÃ¨re,2189,cadre / atmosphÃ¨re,Spatialisation rÃ©ussie ainsi que l'accueil. Le depannage pourtant assez dÃ©licat a Ã©tÃ© rÃ©glÃ© rapidement
cadre / atmosphÃ¨re,409,cadre / atmosphÃ¨re,Boutique trÃ¨s agrÃ©able. Nouveau concept de boutique. Personnel competent et agrÃ©able
cadre / atmosphÃ¨re,94,cadre / atmosphÃ¨re,service rapide et agrÃ©able dans un superbe environnement
cadre / atmosphÃ¨re,920,cadre / atmosphÃ¨re,La boutique est toute orange
cadre / atmosphÃ¨re,2416,cadre / atmosphÃ¨re,TrÃ¨s agrÃ©able boutique orange opÃ©ra  dommage  qu'il y en a qu'une  pour toute la FRANCE
cadre / atmosphÃ¨re,2170,cadre / atmosphÃ¨re,"Plein d'animations, la plus grande boutique Orange"
cadre / atmosphÃ¨re,2409,cadre / atmosphÃ¨re,"Tres belle boutique, equipe de vente souriante et aimable. Accueil au top !  Je suis venue lundi soir sans rendez-vous avec un peu d attente (20 mns) et ai ete prise en charge par Andre, un vendeur aimable et tres bon conseiller. Je recommande cette boutique !"
cadre / atmosphÃ¨re,2413,cadre / atmosphÃ¨re,trÃ¨s belle boutique. rien de particulier Ã  signaler !
cadre / atmosphÃ¨re,1151,cadre / atmosphÃ¨re,boutique tres petite comparativement Ã  rue de rennes
cadre / atmosphÃ¨re,147,cadre / atmosphÃ¨re,(traduit par google) super endroit  (original) super place
cadre / atmosphÃ¨re,2420,cadre / atmosphÃ¨re,Boutique OpÃ©ra service rapide est employÃ© Ã  la hauteur.
cadre / atmosphÃ¨re,2245,cadre / atmosphÃ¨re,"beau lieu personnel au petits soins, y a plus qu'Ã "
cadre / atmosphÃ¨re,2304,cadre / atmosphÃ¨re,personnel compÃ©tant et magasin avec super design.
cadre / atmosphÃ¨re,1119,cadre / atmosphÃ¨re,Mieux que les autres boutiques orange
cadre / atmosphÃ¨re,464,cadre / atmosphÃ¨re,grand confort pour les siÃ¨ges et bonne rÃ©ception malheureusement espace insuffisant pour l'affluence de clients .techniciens de qualitÃ©.
cadre / atmosphÃ¨re,703,cadre / atmosphÃ¨re,trop d'attente le concept du salon n'est guÃ£Â¨re bien Ã£Â©tudiÃ£Â© la copie du concept est Ã£Â  revoir
cadre / atmosphÃ¨re,2345,cadre / atmosphÃ¨re,rien n'a voir  quand elle Ã©tait Ã  la madeleine
cadre / atmosphÃ¨re,1701,cadre / atmosphÃ¨re,Grande boutique mais peu accessoires et les prix Ã©levÃ©s
cadre / atmosphÃ¨re,2352,cadre / atmosphÃ¨re,commerciales trÃ£Â¨s serviables et Ã£Â  l'Ã£Â©coute. trÃ£Â¨s belle boutique en passant
cadre / atmosphÃ¨re,1636,cadre / atmosphÃ¨re,"Boutique Ã  Ã©viter absolument ! Je me suis rendu Ã  la boutique pour faire jouer la garentie de mon tÃ©lÃ©phone (iPhone X) accessoires dÃ©fectueux : la premiÃ¨re fois le vendeur mâ€™envoie chez apple (Apple gÃ¨re seul sa garentie), la deuxiÃ¨me au service client Orange en ligne (qui me renvoie en boutique) et la 3Ã¨me me faire voir ! Câ€™est lamentable"
cadre / atmosphÃ¨re,1344,cadre / atmosphÃ¨re,Lieu magique et lorsque l on connait l histoire de cette famille c est Ã©mouvant
cadre / atmosphÃ¨re,2596,cadre / atmosphÃ¨re,"super magasin de tÃ©lÃ©phonie. attention aux montages des vitres blindÃ©s, ils refusent de les placer."
cadre / atmosphÃ¨re,2405,cadre / atmosphÃ¨re,"lieu agrÃ©able, et vendeurs compÃ©tents et souriant!"
cadre / atmosphÃ¨re,515,cadre / atmosphÃ¨re,espace exigu
cadre / atmosphÃ¨re,1670,cadre / atmosphÃ¨re,"une boutique classique avec tout la tÃ£Â©lÃ£Â©phonie mobile,  Ã£Â  5mn de la gare."
cadre / atmosphÃ¨re,720,cadre / atmosphÃ¨re,bonne boutique
cadre / atmosphÃ¨re,2600,cadre / atmosphÃ¨re,"wifi Ã  bord, du coup c'est cool"
cadre / atmosphÃ¨re,1491,cadre / atmosphÃ¨re,"Boutique orange assez grande, on nous demande notre nom Ã  notre arrivÃ©e et on est appelÃ© aprÃ¨s quelques minutes d'attente (5 Ã  10 minutes dans mon cas ce qui est plutÃ´t rapide). Le conseiller Jamal est vraiment trÃ¨s sympathique, souriant , il explique bien tout et rÃ©pond clairement aux questions qu'on lui pose."
cadre / atmosphÃ¨re,206,cadre / atmosphÃ¨re,"TrÃ¨s belle boutique, accueil remarquable !"
cadre / atmosphÃ¨re,2462,cadre / atmosphÃ¨re,TrÃ¨s belle boutique  Beaucoup de choix Personnel Ã  l Ã©coute
cadre / atmosphÃ¨re,2223,cadre / atmosphÃ¨re,"superbe spot orange sur plusieurs Ã©tages ! souvent du monde, mais accueil pro. et on essaie de faire au mieux pour vous ... orange a eu une excellente idÃ©e avec cette boutique (en plus, Ã  cÃ´tÃ© de celle dâ€™apple) ! ğŸ‘"
cadre / atmosphÃ¨re,2150,cadre / atmosphÃ¨re,cadre exceptionnel
cadre / atmosphÃ¨re,2327,cadre / atmosphÃ¨re,"la plus grande et la plus belle boutique orange qui existe. Ã©normÃ©ment d'Ã©vÃ©nements exclusifs, animations... des Ã©quipes professionnelles et se souciant des clients. je recommande fortement."
cadre / atmosphÃ¨re,38,cadre / atmosphÃ¨re,(traduit par google) endroit incroyable et trÃ¨s bien situÃ©  (original) lugar incrÃ­vel e muito bem situado
cadre / atmosphÃ¨re,283,cadre / atmosphÃ¨re,Cadre lumineux et convivial
cadre / atmosphÃ¨re,2090,cadre / atmosphÃ¨re,"Belle boutique Orange. Personnel compÃ©tent. Tous les services orange au mÃªme endroit (ADSL / Fibre / portable, perso / pro)"
cadre / atmosphÃ¨re,2481,cadre / atmosphÃ¨re,"la boutique, n'est pas mal, mais mÃªme si vous avez un r.d.v. l'horaire n'est jamais respectÃ©."
cadre / atmosphÃ¨re,1979,cadre / atmosphÃ¨re,Magasin trÃ¨s propre bien agencÃ© avec des conseillÃ© au top
cadre / atmosphÃ¨re,2285,cadre / atmosphÃ¨re,"trÃ¨s spacieuse, jolie et vite servi"
cadre / atmosphÃ¨re,2192,cadre / atmosphÃ¨re,j'y vais quand il y a les #kayanesession au 2Ã¨me Ã©tage. trÃ¨s bel endroit! ğŸ˜
cadre / atmosphÃ¨re,480,cadre / atmosphÃ¨re,OpÃ©rateur trÃ¨s cher mais excellent rÃ©seau. Belle boutique
cadre / atmosphÃ¨re,1112,cadre / atmosphÃ¨re,moderne 
cadre / atmosphÃ¨re,2155,cadre / atmosphÃ¨re,Ã©norme flagship!
problÃ¨me technique,2194,problÃ¨me technique,"au 3900 on me demande de me rendre dans une boutique orange pour un adaptateur pour installer mon tel fixe, mais rien Ã  faire, ils on tout fait pour le faire attendre et rien rÃ©soudre. câ€™est lamentable, je suis allÃ© la car Ã  proximitÃ© du travaille, il va falloir chercher une autre boutique ou compagnie de tÃ©lÃ©phone."
problÃ¨me technique,815,problÃ¨me technique,"IncompÃ©tent, la boutique Orange au 1er Ã©tg Italie 2. Je ne pouvais pas appeler ni envoyer des msg avec mon portable et il a dit que c'est un problÃ¨me de rÃ©seaux chez Orange, il faut attendre que Ã§a se rÃ©pare et il m'a renvoyÃ© Ã  Bastille et en bas au sous -sol et la boutique Orange en bas dit que ce n'est pas pour des pros, il faut aller Ã  Bastille pour acheter une nouvelle carte SIM car ce n'est pas un problÃ¨me de rÃ©seaux. Je suis allÃ©e Ã  la boutique Orange Ã  Bastille et c'est fermÃ© pour travaux."
problÃ¨me technique,1960,problÃ¨me technique,"donne encore plus de problÃ¨mes au client. j'y suis allÃ©e car on m'a envoyÃ©e une nouvelle box, mais cette fois, pas de bon de retour pour rendre l'ancienne. de mauvaise grÃ¢ce, je vais dans la boutique orange la rendre en mains propres.  l'accueil Ã©tait bien, je rajoute aussi que j'ai une autre demande Ã  faire. l'imprimante ne marche pas, la vendeuse ne peut pas me donner mon justificatif comme quoi ma box a Ã©tÃ© bien rendue, je lui demande tout de mÃªme si Ã§a sera pris en compte,  oui pas d'inquiÃ©tude, c'est scannÃ©, etc. sur ce elle me plante lÃ  alors que j'Ã©tais encore assise et va voir d'autres clients, sans rien me dire, et mes autres questions, je peux me les garder... je pars en lanÃ§ant tout de mÃªme un au revoir... je reÃ§ois un courrier 1 mois plus tard qui dit que je n'ai pas rendu 2 box (au lieu d'une) et que je dois payer tant... et je n'ai pas le justificatif. merci orange de nous compliquer la vie. c'est une honte."
problÃ¨me technique,1621,problÃ¨me technique,"DÃ©Ã§ue pour les explications du vendeur et ma box ne fonctionnait pas, j'ai dÃ» la changer 4 fois, zÃ©ro!!!!"
problÃ¨me technique,399,problÃ¨me technique,"AprÃ¨s mon passage dans 4 autres boutiques pour une airbox de prÃªt je tente ce dernier coups. Heureusement il en restait une.  Mais problÃ¨me, impossible d'accÃ©der Ã  mon dossier.  Au final c'est avec le responsable du lieu (aprÃ¨s avoir remontÃ© tous les Ã©chelons), rapidement disponible et pro, qu'une solution expresse, pragmatique et de bon sens Ã  Ã©tÃ© trouvÃ©.   Outre se bÃ©mol indÃ©pendant de leur volontÃ© mais bien gÃ©rÃ©. J'ai trouvÃ© l'attente anormalement longue compte tenu que la boutique Ã©tait plutÃ´t vide et que des agents ne semblait pas tous actif surement l'heure d'une relÃ¨ve peut-Ãªtre? On Ã©tait 5 clients. Pas tous au mÃªme pÃ´le. Sachant que dÃ¨s mon arrivÃ© j'Ã©tais ""le suivant"" ce qui fut le cas passÃ© 15-20min.  Je ne sais pas ce que cela donne par forte affluence."
problÃ¨me technique,664,problÃ¨me technique,"ne servent a rien. le support telephonique m'envoit en agence, je profite d'un conges pour m'y rendre. ils me renvoit vers support telephonique. sim hs depuis plusieurs mois, personne ne veut regarder, ... par contre, les factures, ils savent me trouver ..."
problÃ¨me technique,1866,problÃ¨me technique,bonjour obligÃ© de passer 3 fois dans la mÃªme boutique. 1Ã¨re fois hÃ´tesse orange n'Ã©coute mm pas le problÃ¨me et m'envoie chercher le cÃ¢ble d'alimentation alors que pas demandÃ© lors de mon appel. 2Ã¨me fois j'y retourne avec le cÃ¢ble mais le vendeur me sort le sien et le vendeur m'Ã©change ma box mais oublie de me rendre ma carte pour la faire fonctionner.  devoir y retourner 3 fois avec une tempÃ©rature de 30degres dehors. 5km aller et 5km retour.  c cher payÃ© l'abonnement
problÃ¨me technique,579,problÃ¨me technique,"TÃ©lÃ©commande en panne. Retour au magasin. Prise en charge rapide. Nouvelle tÃ©lÃ©commande, en 10 minutes c'Ã©tait rÃ©glÃ© ! Top"
problÃ¨me technique,679,problÃ¨me technique,"'a premiÃ¨re vue trÃ¨s bonne prise en charge du client, bonnes explications, etc... ce n''est qu''un an et demi aprÃ¨s avoir souscrit une assurance mobile dans cette boutique que je me suis aperÃ§ue que le vendeur avait rempli mon contrat avec de nombreux Ã©lÃ©ments manquants ce qui m''a donc empÃªchÃ© de bÃ©nÃ©ficier de cette assurance que j''ai pourtant payÃ© pendant tout ce temps. en effet, celui-ci Ã  bien mis mon nom dans la partie de l''adhÃ©rent mais n''a mÃªme pas pris la peine de l''Ã©crire entiÃ¨rement dans la partie du bÃ©nÃ©ficiaire (il a seulement mit la premiÃ¨re lettre). ainsi, chaque mois un montant Ã©tait dÃ©bitÃ© sur mon compte pour une prestation dont je n''aurai jamais pu bÃ©nÃ©ficier.  un conseil : lisez bien chaque ligne des contrats que vous souscrivez dans cette boutique (quite Ã  ce que cela leur fasse perdre 15minutes). ces vendeurs doivent prendre en charge le plus de clients possible et c''est pour cela qu''ils bÃ¢clent leur travail.'"
problÃ¨me technique,1848,problÃ¨me technique,"Boutique Ã  Ã©viter !!! Personnel incompÃ©tent et surtout mal aimable Je tiens Ã  m'excuser d'avoir dÃ©rangÃ© le personnel pendant leur sieste sur leur lieu de travail un service comme orange ce dois un minimum de courtoisie. Surtout si vous devez demander un tÃ©lÃ©phone de prÃªt suite Ã  une demande de rÃ©paration n'allez surtout pas chez eux, ils oublient de prÃ©ciser que vous l'avez bien rendu, MAIS ils n'oublient pas de vous prÃ©lever 270 Euros ( Pour tÃ©lÃ©phone non rendu !!)"
problÃ¨me technique,781,problÃ¨me technique,"c'est presque rÃ©confortant de lire ces avis (trÃ¨s) nÃ©gatifs...on se sent moins seul. j'habite l'arrondissement et le rÃ©flexe ""naturel"" Ã©tait donc d'aller dans cette boutique. je promets que c'est fini...trois expÃ©riences lamentables en quelques mois. la moins lamentable Ã©tait celle oÃ¹ le vendeur Ã©tait simplement incapable de rÃ©pondre Ã  ma demande, mais gentiment...pour le reste l'on se demande ce qui autorise nos interlocuteurs de cette boutique Ã  faire preuve de tant de mÃ©pris alliÃ© Ã  tant d'incompÃ©tence. a fuir, absolument, et dÃ©finitivement"
problÃ¨me technique,624,problÃ¨me technique,super conseil trÃ¨s pro
problÃ¨me technique,687,problÃ¨me technique,no pueden solucionar ningÃ£Âºn problema con sim cards que pertenecen a ellos. malÃ£Â­sima la atenciÃ£Â³n!
problÃ¨me technique,1860,problÃ¨me technique,trÃ¨s bien reÃ§u bonnes explications
problÃ¨me technique,1686,problÃ¨me technique,quand vous rentrer dans la boutique en expliquant que vous avez pas de prise tÃ£Â©lÃ£Â©phonique mais que vous pensez avoir la fibre et que vous voulez l'offre avec forfait portable au lieu de vous dire que votre bÃ£Â¢timent n'est pas Ã£Â©ligible Ã£Â  la fibre il vous font le dossier et quand vous rentrez chez vous vous apercevez que c'est une box classique malheureusement vous avez signez et Ã£Âªtes obligÃ£Â© d'attendre 1an pour rÃ£Â©silier !!!! donc reflechissez bien avant d'aller la et quitte Ã£Â  faire rÃ£Â©pÃ£Â©ter et ouvrir la boite pour bien vÃ£Â©rifier.
problÃ¨me technique,542,problÃ¨me technique,"je tiens Ã  prÃ©ciser que cet appareil a Ã©tÃ© achetÃ© Ã  la boutique orange belle epine. si on s'en tient au raisonnement du vendeur de la boutique d'alÃ©sia, c'est comme si j'achetais une peugeot Ã  lyon et que je ne peux pas la faire rÃ©parer Ã  paris...cherchez l'erreur..."
problÃ¨me technique,2255,problÃ¨me technique,"deplorable , service nul , accueil d un autre temps n ecoute pas son client ne comprends rien. de plus service commercial nul se trompe constement , m ont echange une mauvaise box  ce qui a pour consequence de bloquer 30 personnes au travail !!! je n ai jamais vu ca le directeur merite d etre limogÃ£Â©. c est pas avec ce genre de service que la france va s en sortir on est reellement sur la mauvaise pente."
problÃ¨me technique,1309,problÃ¨me technique,"passÃ© a l'instant pour un changement de modÃ¨le de la box tv, je suis tombÃ© sur le manager qui Ã©tait trÃ¨s sympathique et efficace."
problÃ¨me technique,2342,problÃ¨me technique,prise en charge rapide et bons conseils
problÃ¨me technique,427,problÃ¨me technique,"cliente comme mon mari depuis des annÃ£Â©es chez orange. je suis trÃ£Â¨s dÃ£Â©Ã£Â§ue de mon dernier passage. je suis allÃ£Â©e changer mon smartphone qui avait 2 problÃ£Â¨mes. la batterie qui n'en pouvait plus, celui que l'on m'a remplacÃ£Â© est guÃ£Â¨re mieux. le chargeur aussi a Ã£Â©tÃ£Â© changÃ£Â© mais on me l'a fait payer presque 15Ã¢Â‚Â¬ alors qu'il fesait parti du pack d'achat. les photos de mes contacts sont toutes floutees. je suis trÃ£Â¨s dÃ£Â©Ã£Â§ue. je dois le changer au mois d'octobre, j'y rÃ£Â©flÃ£Â©chirais. quand Ã£Â  l'accueil dure, dure. dÃ£Â©solÃ£Â©e."
problÃ¨me technique,13,problÃ¨me technique,"passage Ã£Â  la boutique orange des champs elysÃ£Â©es, seule boutique apparemment ayant un service de dÃ£Â©pannage de smartphones. prise en charge par un technicien souriant et aimable aprÃ£Â¨s 5 mn d'attente, les rÃ£Â©parations ont Ã£Â©tÃ£Â© effectuÃ£Â©es aprÃ£Â¨s que les explications (claires et prÃ£Â©cises) m'ont Ã£Â©tÃ£Â© fournies. un seul regret : d'apprendre que si une rÃ£Â©initialisation de mon tÃ£Â©lÃ£Â©phone avait dÃ£Â» Ã£Âªtre faite, la sauvegarde de toutes mes donnÃ£Â©es m'auraient coÃ£Â»tÃ£Â© 9,00 Ã¢Â‚Â¬ ttc. ce qui me choque ce n'est pas tant le faible montant de cette opÃ£Â©ration, mais le fait que la fidÃ£Â©litÃ£Â© du client (prÃ£Â¨s de 10 ans chez orange) ne compte pas... j'ai connu orange beaucoup plus attentif Ã£Â  sa clientÃ£Â¨le que maintenant. restons positif pour cette opÃ£Â©ration. 20 mn plus tard, tout Ã£Â©tait rÃ£Â©glÃ£Â©."
problÃ¨me technique,1216,problÃ¨me technique,"A Ã©viter Ã  tout prix ! Alors que nous avions rendez vous pour Ã©changer un dÃ©codeur TV (aprÃ¨s contact avec la hotline orange qui avait prÃ©venu la boutique), on nous a tout simplement dit qu'ils n'en avaient pas de nouveau Ã  nous donner, sans avoir plus d'explication, on nous a parlÃ© de maniÃ¨re vulgaire et agressive avant de complÃ¨tement nous ignorer !! Je n'ai jamais vu un tel manque de respect de la part du personnel, tout le monde dans la boutique Ã©tait choquÃ©. Nous avons donc Ã©tÃ© obligÃ©s de trouver une autre solution par nos propres moyens. Conclusion : aucune aide, incompÃ©tence et irrespect total. Bon courage si vous allez dans cette boutique !"
problÃ¨me technique,1597,problÃ¨me technique,"Mes parents de plus de 80 ans qui ont des problÃ¨mes de mobilitÃ© et des difficultÃ©s avec internet, ont rÃ©ussi Ã  se faire fourguer dans cette boutique un abonnement pro avec 3 mobiles pouvant appeler partout depuis l'Ã©tranger avec 10 G0 d'internet alors qu'ils ne savent mÃªme pas comment ouvrir un SMS ! Quand ils sont revenus rapporter deux mobiles et faire fermer les lignes, non seulement les lignes n'ont pas Ã©tÃ© supprimÃ©es, mais l'agent d'orange a encore augmentÃ© leur forfait mensuel en intÃ©grant leur dernier mobile (qui ne peut se connecter Ã  internet car il a au moins 10 ans) dans leur pack open (prÃ¨s de 370 euros mensuel !!!).  Impossible de rÃ©silier par tÃ©lÃ©phone ou par courrier. Il faut se rendre Ã  la boutique. J'appelle cela de l'abus de confiance et je compte bien porter plainte contre cette boutique orange que je dÃ©conseille vivement !  En dÃ©pit de la rÃ©ponse standard donnÃ© ci-dessous,  je le maintiens. C'est aprÃ¨s avoir pris contact avec le service Orange par tÃ©lÃ©phone que je l'ai dÃ©posÃ©. C'est eux qui m'ont appris que les conseillers de la boutique orange rue du Poteau, non seulement n'avaient pas rÃ©siliÃ© deux des abonnements, mais intÃ©grÃ© le 3e dans le pack pro en le rendant ainsi beaucoup plus cher (dixit : pour faire du chiffre et avoir beaucoup de points). Mes parents disposaient d'un texte pour expliquer qu'il fallait rÃ©silier ces abonnements coÃ»teux.   La personne que j'ai eu au tÃ©lÃ©phone au service commercial d'Orange pro, rÃ©prouvait ces pratiques commerciales en agence, mais m'a dit ne pouvoir rien faire, que tout devait Ãªtre rÃ©gler en boutique. Ce que je vais devoir faire !"
problÃ¨me technique,1333,problÃ¨me technique,"conseillÃ¨re Ã  l'ouest qui parle trop fort, totalement perdue sur son ordinateur, c'est moi qui devais lui dire quoi faire... tout Ã§a pour me retrouver avec quelque chose que j'aurais pu faire moi-mÃªme en 1 minute sur le site."
problÃ¨me technique,2269,problÃ¨me technique,"excellent service aujourd'hui, je recommande vivement cette boutique orange. le personnel Ã©tait trÃ¨s sympathique et l'agent qui m'a aidÃ© dans le processus Ã©tait trÃ¨s bon et compÃ©tent. je recommande vivement ce magasin. christopher robert noland"
problÃ¨me technique,250,problÃ¨me technique,je n'ai pas la solution Ã  mon problÃ¨me !
problÃ¨me technique,2256,problÃ¨me technique,"'(traduit par google) vente trompeuse! j''ai achetÃ© une carte sim prÃ©payÃ©e Ã  utiliser pendant mes vacances en europe. j''ai demandÃ© au prÃ©posÃ© combien de temps durerait le crÃ©dit et il m''a rÃ©pondu qu''il durerait six mois. aprÃ¨s avoir quittÃ© le magasin, j''ai reÃ§u un message m''informant que je devrais l''utiliser jusqu''au 22/04 (dans deux semaines). quand je suis revenu pour clarifier, je nâ€™Ã©tais pas bien traitÃ© et il semble que personne ne sâ€™inquiÃ¨te de mes questions et de mon problÃ¨me.  (original) misleading selling!  i bought a prepaid sim card to use during my vacation time in europe. i asked the attendant how long the credit would last and he answered it would last six months.  after leaving the store i got a message saying that i should use it until 22/04 (two weeks from now). when i came back to clarify, i wasnâ€™t well treated and seems that no one was worried about my questions and problem.'"
problÃ¨me technique,715,problÃ¨me technique,"J'y suis passÃ© ce matin pour un remplacement de carte sim, j'ai Ã©tÃ© tout de suite aiguillÃ© vers une personne trÃ¨s aimable qui n'a, malheureusement, pas pu rÃ©soudre mon souci suite Ã  une portabilitÃ© incomplÃ¨te de mon prÃ©cÃ©dent opÃ©rateur mais ce fait n'est pas de leur responsabilitÃ©."
problÃ¨me technique,2386,problÃ¨me technique,"pendant trois semaines ligne Ã§a marche pas...( internet maison. tÃ©lÃ©phone fixe. 4 numÃ©ro de tÃ©lÃ©phone portable)  je pense que nous avons des raisons tout pour apporter une action Ã  votre entreprise...  Â votre entreprise dispose de tous les documents pour la procÃ©dure de connexion...  la raison de lâ€™absence de connexion, que nous ne comprenons pas....  Â votre sociÃ©tÃ© porte atteinte Ã  nos droits, les droits des consommateurs..."
problÃ¨me technique,1610,problÃ¨me technique,"Personnel peu enclin a vous aider. Ils ont commence le transfert de mes donnees d'un telephone sur l'autre et non pas fini, ai ete oblige de refaire une installation complete."
problÃ¨me technique,2495,problÃ¨me technique,"'entrÃ© pour pour une carte sim seule a 2.99â‚¬ + recharge 20 â‚¬ , le vendeur enregistre toutes mes demandes et surprise lors du passage a la caisse on m''annonce presque 40 â‚¬ !! je dit il doit y avoir une erreur et il me dit on ne vends pas de carte sim seule ici, je lui rÃ©pond pourtant sur internet il y a cette offre. le vendeur me rÃ©ponds on n''a pas la place en boutique  pour tout avoir !!la blague une boutique de plus de 200 mÃ¨tres carrÃ© et ils n ont pas la place pour quelque cartes sim  il me dit pour les sim il faut aller au tabac du coin !!! honteux'"
problÃ¨me technique,1106,problÃ¨me technique,"une catastrophe! ne laissez pas votre mobile entre leurs mains, mon galaxy m'a Ã£Â©tÃ£Â© rendu avec un coup de cutter sur la touche principale! "
problÃ¨me technique,2232,problÃ¨me technique,'j''ai achetÃ© un tÃ©lÃ©phone et j''ai demandÃ© Ã  la personne de le transfÃ©rer les photos mais cette manipulation n''a pas Ã©tÃ© faite correctement suis trÃ¨s en colÃ¨re car je tenais beaucoup Ã  ses photos et je ne pourrait  plus jamais avoir de photo de cette personne car dÃ©cÃ©dÃ© je ne vous remercie pas cette personne avait 30 ans'
problÃ¨me technique,2407,problÃ¨me technique,acheter c'est facile...avoir une assistance technique est quasiment impossible.
problÃ¨me technique,799,problÃ¨me technique,'ma demande (un changement de box consÃ©cutif Ã  un changement d''offre fibre) a Ã©tÃ© traitÃ©e assez rapidement et avec amabilitÃ©. l''accueil pourrait gagner en clartÃ© en indiquant sur place : - les services rÃ©alisables exclusivement par internet ou tÃ©lÃ©phone '
problÃ¨me technique,543,problÃ¨me technique,"Samedi 02 Septembre, j'achÃ¨te un S7 Edge Ã  Belle Ã‰pine.De retour chez moi Ã  Paris,Je me rends compte que la carte SIM est dÃ©fectueuse. Je dÃ©cide donc d'aller Ã  Orange Alesia pour me la faire remplacer... Ce n'est pas de notre ressort, Il faut retourner Ã  Belle Ã‰pine..Ce qui revient Ã  dire: Nous n'avons pas vendu cet appareil, dÃ©brouillez vous...Je n'ose pas imaginer si j'avais effectuÃ© mon achat en province... Tout cela pour dire qu'il ne faut surtout pas aller dans cette boutique...."
problÃ¨me technique,707,problÃ¨me technique,c'est la troisiÃ¨me fois que je pÃ©nÃ¨tre dans cette boutique. je me demande pourquoi je viens encore. toujours aussi dÃ©plaisants et incompÃ©tents. boutique Ã  fuir et encore je suis gentil.
problÃ¨me technique,1936,problÃ¨me technique,"'ce samedi matin,je suis passÃ©e retirer ma box car je suis assistante Ã©ducation palaiseau et ne peut Ãªtre disponible en semaine.  mais hÃ©las, le black Ã  la caisse m''a jetÃ© dehors mon tort: avoir demandÃ© de voir ds mon dossier s''il  peut me confirmer le passage du technicien. il a refusÃ© de consulter mon dossier et est rentrÃ© ds une noire colÃ¨re et j''ai quittÃ© la boutique.'"
problÃ¨me technique,2461,problÃ¨me technique,Accueil peu commercial...mais grande gentillesse du technicien breton qui a rÃ©tabli la connexion internet en changeant le  mot de passe Ã  prÃ¨s piratage.  HÃ©las deux jours d  e mails perdus sans retour.Prejudice professionnel sÃ©rieux.
problÃ¨me technique,488,problÃ¨me technique,Bonjour bon accueil sav dÃ©codeur pour ce qui me concerne appareil remis immÃ©diatement contre SMS cordialement
problÃ¨me technique,1408,problÃ¨me technique,"Edit du 18/01/2019 En plus d'avoir ouvert mon compte Orange bank avec des infos fausses, je n'ai pas reÃ§u le bonus client Orange de 40 euros car l'employÃ© OB de cette boutique st-Antoine n'a pas Ã©tÃ© capable de scanner correctement la facture livebox qu'il avait imprimÃ©e. Orange bank m'informe que la facture fournie est illisible.  Pas sÃ©rieux   Suite Ã  un appel auprÃ¨s du service technique et organisation d'un Ã©change de dÃ©codeur dÃ©fectueux, je viens dans cette agence qui m'a Ã©tÃ© communiquÃ©e par le service technique justement parce qu'elle avait le matÃ©riel en stock alors qu'il n'Ã©tait pas dispo Ã  l'agence prÃ¨s de chez moi (Nation). La personne qui prend en charge mon dossier me dit que le dÃ©codeur n'est pas dispo et me dirige vers l'agence OpÃ©ra. Je lui fais part de mon Ã©tonnement et insiste.  Il me propose alors d'appeler le service client pour demander l'Ã©change contre la nouvelle version moyennant 10â‚¬. Je ne comprends toujours pas qu'il ne puisse pas prendre la dÃ©cision.  Miracle, un dÃ©codeur est finalement dispo  car ""un client n'est pas venu chercher sa commande"".  Puis il me dÃ©marche avec insistance pour l'ouverture d'un compte Orange bank.  Son collÃ¨gue porteur d'un badge Orange bank prend le relais et procÃ¨de Ã  l'ouverture du compte.  A la rÃ©ception de mon contrat, je m'aperÃ§ois que les infos de mon profil sont fausses, il a sÃ©lectionnÃ© la 1Ã¨re valeur proposÃ©e pour chaque champ.  Je repasse le voir et il m'indique que ces donnÃ©es n'ont aucune importance !!!"
problÃ¨me technique,2457,problÃ¨me technique,"Je n'ai pas eu d'attente, mais Ã©tÃ© vraiment dÃ©Ã§u de l'accueil du personnel (un garÃ§on en bas postÃ© au point express). Je venais pour une recharge, que j'ai obtenue, donc pas de problÃ¨me Ã  ce niveau lÃ . Mais je lui ai signalÃ© qu'il y avait d'autres soucis avec ma ligne (impossible de recharger mon compte mobicarte en ligne, impossible d'appeler le 224, impossible de recharger par carte bleue via #123#), et l'on m'a simplement dit ""ah c'est bizarre je sais pas"" avant qu'il prenne le client suivant sans m'indiquer comment rÃ©gler mon problÃ¨me. Vraiment dÃ©cevant."
problÃ¨me technique,2211,problÃ¨me technique,"Est en rÃ©novation. (Vaugirard ).sinon, pour la fibre,chapeaux. Depuis le 22mars, j'attends toujours la rÃ©paration. et toujours rien."
problÃ¨me technique,818,problÃ¨me technique,insatisfaisante du traitement de mon dossier basculer mobicarte Ã  abonnement m6 forfait 2h bloquÃ© le 18 mai. ai fourni tout ce qui a Ã©tÃ© demandÃ© mais Ã  ma grande surprise mon rib pour le pour prÃ©lÃ¨vements bancaires n'est pas dans le dossier  le 20 juin. pour Ã©viter la suspension le service recouvrement m'a fait rÃ©gler la facture de m'ai et repris mon rib. j'ai  Ã©tÃ©  3 fois pour rÃ©clamer mon contrat et Ãªtre sÃ»re que tout etait ok. rÃ©ponse affirmative contrat sera expÃ©diÃ©.
problÃ¨me technique,2169,problÃ¨me technique,"le premier vendeur me ment et me dis quâ€™il faut que je quitte bouygues et souscrire un abonnement orange pour activer la fonction esim or mon tel pro Ã©tait dÃ©jÃ  chez orange, nul utilitÃ© que les deux soient chez orange, il suffisait dâ€™activer la fonction esim sur la ligne pro et conserver bouygues en perso.  enfin aprÃ¨s souscription de lâ€™abonnement orange, je veux activer la esim depuis mon espace clients mais le vendeur en boutique nâ€™a pas renseignÃ© tous les champs du formulaire de souscription. des piÃ¨ces manquantes (cni rib ...) que jâ€™avais apportÃ© nâ€™ont pas Ã©tÃ© enregistrÃ© par le vendeur.  entre les vendeurs qui mentent pour toucher leurs primes et les autres qui ne sont pas compÃ©tent... je ne suis pas satisfait du tout."
problÃ¨me technique,2497,problÃ¨me technique,"Alors que cela faisait plus dâ€™un mois que je communiquais avec le service client en chat, qui mâ€™avait dâ€™ailleurs dit deux fois mâ€™envoyer une tÃ©lÃ©commande (que je nâ€™ai jamais reÃ§ue...), qui mâ€™avait dit quâ€™en boutique personne ne pouvait mâ€™aider, je suis allÃ©e dÃ©sespÃ©rÃ©e dans cette boutique et mon problÃ¨me a Ã©tÃ© rÃ©solu en moins de 5 minutes top chrono! Merci aux Ã©quipes en boutique qui ont Ã©tÃ© top ! Quant aux Ã©quipes sav chat....vous mâ€™avez fait perdre mon temps!"
problÃ¨me technique,1629,problÃ¨me technique,"'fuyez cette boutique.  j''ai voulu me faire rembourser des 50â‚¬ de frais d''activation tv dont le montant Ã©tait certes Ã©crit sur le contrat mais qui ne m''avait jamais Ã©tÃ© communiquÃ© en direct au moment de la signature du contrat. asymÃ©trie d''information. je me retrouve donc Ã  payer 76â‚¬ moi qui pensais en payer 25â‚¬. je suis forcÃ©ment bien naÃ¯f, c''Ã©tait Ã©crit en minuscule sur le contrat.   bravo au vendeur qui m''a bien lÃ©sÃ© lors de la crÃ©ation de mon contrat ! elles sont belles les valeurs d''orange.   au passage, gestion dÃ©sastreuse du litige par le directeur adjoint de l''agence, qui a prÃ©fÃ©rÃ© hausser le ton avec moi en se dÃ©faussant de ses responsabilitÃ©s et en monopolisant la parole. evidemment, il ne peut rien faire pour moi et me renvoie Ã  ma parole contre celle du vendeur.   expÃ©rience client dÃ©sastreuse.  je ne mettrai plus les pieds chez orange.'"
problÃ¨me technique,1380,problÃ¨me technique,trop de monde et on ne trouve pas solution Ã  mon problÃ¨me.
problÃ¨me technique,2277,problÃ¨me technique,Accueil dÃ©cevant mais prise en charge technique parfaite.
problÃ¨me technique,2602,problÃ¨me technique,Boutique qui ne rÃ©sout pas vraiment les problÃ¨mes rencontrÃ©s par cette sociÃ©tÃ©.
relation commercial,63,relation commercial,"""On ne peut rien faire pour vous"", c'est visiblement tout ce que ces gens savent dire."
relation commercial,789,relation commercial,Je viens juste pour acheter un tÃ©lÃ©phone fixe qui a juste a Ãªtre encaisser. Ok me laisse attendre devant la caisse pendant 20 min alors que 3 conseillers brasse de l air pour rien et rigole entre eux. Inacceptable surtout en pÃ©riode de noÃ«l!!!
relation commercial,201,relation commercial,(traduit par google) ne pas obtenir cette carte sim Ã©trangÃ¨re de 45 euros ici. vol. mais le service est bon et ils ont bien pris soin de moi.  (original) do not get that 45 euro foreign sim card here.  rip off.  but the service is good and they did take good care of me.
relation commercial,2524,relation commercial,trÃ£Â¨s professionnels .
relation commercial,2111,relation commercial,"mal reÃ§u, et il faut payer 9 euros supplÃ©mentaire pour acheter un smartphone seul"
relation commercial,152,relation commercial,(traduit par google) trÃ¨s serviable et un service rapide  (original) very helpful and fast service
relation commercial,616,relation commercial,aucuns professionnalismes
relation commercial,1266,relation commercial,"sympa vendeurs bien ""briffes"" ils connaissent leurs sujets"
relation commercial,1648,relation commercial,"les clients sosh sont des clients low cost, et ceux d'orange premium, je me suis sentie agressÃ©e pour rien, ils m'ont vendu une carte sim sans me dire que j avais etre facturee 10 euros, qui ne marche pas, en menacant par la suite de virer le vendeur qui me l'avait dÃ©livrÃ©. welcome back to  paris"
relation commercial,432,relation commercial,petite visite sans rdv Ã  la boutique orange alÃ©sia..personnel trÃ¨s pro et sympa ..on est vite pris en charge et aiguillÃ© suivant notre demande !
relation commercial,2197,relation commercial,the boutique orange. la seule boutique sur 4 arrondissements qui avait en stock l'ipphone truc machin que voulait ma fille
relation commercial,296,relation commercial,Service au top
relation commercial,640,relation commercial,"Un grand merci Ã  BOUNA qui m'a aidÃ© Ã  trouver un tÃ©lÃ©phone qui correspond totalement Ã  mon usage et mes attente ! Merci pour le service, l'accompagnement et la synchronisation des donnÃ©es. TrÃ¨s Ã  l'Ã©coute et sympathique, quel bonheur de tomber sur lui."
relation commercial,2408,relation commercial,"(traduit par google) horrible attentif aux dÃ£Â©tails, seulement intÃ£Â©ressÃ£Â© Ã£Â  faire une vente. je ne pense pas qu'ils voulaient m'aider car je suis un client prÃ£Â©payÃ£Â© et mon numÃ£Â©ro ne venait pas de france. Ã£Â€ la fin, j'ai Ã£Â©tÃ£Â© vendu quelque chose qui ne pouvait pas travailler pour moi et a dÃ£Â» le retourner seulement aprÃ£Â¨s avoir cherchÃ£Â© l'agent original. si vous Ã£Âªtes un client franÃ£Â§ais, vous obtiendrez peut-Ã£Âªtre un meilleur service.  (original) horrible attentive to details , only interested in making a sale. i don't think they wanted to help me as i am a prepaid client and my number was not from france . in the end i was sold something that could not work for me and had to return it only after looking for the original agent. if your a french client perhaps you will get better service."
relation commercial,471,relation commercial,Personnels (deux femmes mÃ»res une brune et une blonde ) trÃ¨s dÃ©sagrÃ©ables et incompÃ©tentes Ã  fuir !
relation commercial,1102,relation commercial,"SÃ©verine m'a aidÃ©e pendant plus d'une heure Ã  rÃ©soudre mes problÃ¨mes de tÃ©lÃ©phone : Ã©quipe disponible, Ã  l'Ã©coute, patiente. Je recommande Ã  100% !"
relation commercial,1011,relation commercial,"le manager est un Ã£Â©norme enfant de pÃ£Â©ripatÃ£Â©ticienne. et je pÃ£Â¨se mes mots. vous avez le moindre problÃ£Â¨me avec votre contrat orange/sosh ? c'est donc votre problÃ£Â¨me et non le sien. bravo, quel humanisme, quel respect de ses semblables."
relation commercial,209,relation commercial,"(Traduit par Google) TrÃ¨s mauvais service et les employÃ©s ne semblent pas savoir comment vous aider. J'ai perdu mon tÃ©lÃ©phone Ã  Paris avec la carte SIM que j'ai dÃ©jÃ  achetÃ©e Ã  Orange Store alors j'ai achetÃ© un nouveau tÃ©lÃ©phone et je suis allÃ© au mÃªme magasin orange (celui-ci) pour obtenir la carte SIM que j'ai perdue. pour eux alors le gars a fait quelques opÃ©rations sur l'ordinateur et m'a obtenu ma carte SIM et tout allait bien pour quelques jours alors ma carte SIM a Ã©tÃ© suspendue alors je suis allÃ© au magasin et leur a montrÃ© mon passeport et leur a donnÃ© mes informations et ils m'ont dit que je devais attendre 24 heures pour que mon tÃ©lÃ©phone soit rÃ©activÃ© (c'Ã©tait la veille du nouvel an) alors j'ai attendu 24 heures, puis mon tÃ©lÃ©phone n'est toujours pas suspendu et je n'ai rien fait de mal La seule erreur est que j'ai perdu mon tÃ©lÃ©phone Ã  Paris et achetÃ© une carte SIM d'une compagnie apparemment organisÃ©e appelÃ©e orange.  (Original) Very bad service and the employees seems to have no clue how to help you.  I lost my phone in paris along with the sim card that i already bought from orange store so i bought a new phone and went to the same orange store ( this one ) to get the sim card which i lost they asked for my passport i showed it to them then the guy done a few operations on the computer and got me my sim card and everything was fine for a couple of days then my sim card got suspended so i went to the store and showed them my passport and gave them my information and they told me that i have to wait 24 hours in order for my phone to get reactivated ( that was the day before new yearâ€™s eve ) so i waited for 24 hours then nothing my phone is still suspended and iâ€™ve done nothing wrong my only mistake is that i lost my phone in paris and purchased a sim card from a seemingly organized company called orange."
relation commercial,1204,relation commercial,"le mauvais service client, la mÃ©diocritÃ© de lâ€™accueil et la nonchalance de lâ€™Ã©quipe commerciale est Ã  la hauteur de la rÃ©putation de cette mauvaise boutique ; prÃ©fÃ©rez beaugrenelle"
relation commercial,1089,relation commercial,Magasin fermÃ© sans prÃ©avis le 7 mai  Impossible de retirer une box pour installation imminente. Foutage de gueule du client.   .
relation commercial,345,relation commercial,"Boutique  prÃ©tentieuse, oÃ¹ l'on fait la queue pour se faire pompeusement proposer des offres notoirement plus dÃ©favorables que celles proposÃ©es par le mÃªme opÃ©rateur directement sur Internet ! Je suppose que c'est le syndrome du ""flagship"", qu'il faut bien  rentabiliser..."
relation commercial,1254,relation commercial,super vendeur  didier
relation commercial,1622,relation commercial,"'""vendeur fort """"sympathique"""" qui vous explique que le tÃ©lÃ©phone que vous souhaitez (s8 samsung en promo) est plus ou moins disponible selon que vous prenez des accessoires ou pas?!! compte tenu du prix desdits accessoires (jusqu''Ã  30% du prix du tel) j''indique que seul le tÃ©lÃ©phone m''intÃ©resse et oh miracle le vendeur me signifie qu''il n''y en a plus... """"il en reste un seul pour lui, me dit il en me montrant un boite neuve, qu''il n''a d''ailleurs pas le droit de se vendre""""!! comprenne qui pourra mais bonjour le service  orange pour ses fidÃ¨les clients. de quoi mÃ©diter sur les changements d''opÃ©rateur. a bon  entendeur....""'"
relation commercial,931,relation commercial,"Plutot bonne expÃ©rience avec cette boutique en ce qui me concerne. J'ai dÃ» attendre environ 15 min, mais il y avait du monde... normal ! Ensuite j'ai pu souscrire sans soucis Ã  internet, avec l'offre que je voulais. Et je suis reparti avec le petit boitier 4G pour pouvoir avoir internet directement, top !"
relation commercial,178,relation commercial,tres bien accueillie par mlle ines et tres bien servi par mr thomas
relation commercial,1417,relation commercial,"personnel disponible, professionnel, accueillant ğŸ‘"
relation commercial,1990,relation commercial,conseillÃ© menteur et totalement incompÃ©tent
relation commercial,422,relation commercial,Attente debout quelques places assises (3 /4) personnel correct.
relation commercial,2086,relation commercial,PrÃ©sent pour aider. Mais n'as que rarement les Infos. Obliger tjr d'attendre 15min pour que le vendeur se renseigne et te donne des infos approximatives
relation commercial,1183,relation commercial,"'aujourd''hui, trÃ¨s bon conseiller/vendeur, florian, efficace... en gÃ©nÃ©ral, peu d''attente et conseillers professionnels...'"
relation commercial,1170,relation commercial,"super accueil de toute l'Ã©quipe, trÃ¨s professionnel et bravo au futur papa poule  ! ! ! je suis venu 3 fois avec 2nouveaux abonnements..."
relation commercial,203,relation commercial,(Traduit par Google) Bon service  (Original) Good service
relation commercial,1180,relation commercial,Excellent service avec prise en compte de tous les besoins du Client *****
relation commercial,1088,relation commercial,Service rapide et bon
relation commercial,195,relation commercial,"'fortement dÃ©Ã§u. aprÃ¨s plusieurs annÃ©es, la qualitÃ© et le choix dans la boutique n''est plus le mÃªme. dommage.'"
relation commercial,1723,relation commercial,"service dÃ©plorable, personnel inutile et dÃ©testable, honte Ã  orange."
relation commercial,433,relation commercial,'le mÃªme produit (tÃ©lÃ©phone mobile) coute 100 â‚¬  plus cher quand vous Ãªtes en business orange (pro). une bonne blague car l''abonnement pro coÃ»te en plus plus cher. aucune marge de souplesse chez les vendeurs. lamentable !'
relation commercial,2099,relation commercial,service client nul.fait perdre du temps Ã  ses clients.
relation commercial,2531,relation commercial,trÃ¨s moyen implication du conseiller orange voir inexistante
relation commercial,797,relation commercial,Le Jeudi ouvert jusqu'Ã  21h a 20h12 c'Ã©tait deja fermer super la boutique qui respecte bien les horaires !  Ã€ Ã©viter
relation commercial,2624,relation commercial,"'c''est orange, on Ã  toujours l''impression d''avoir affaire Ã  des fonctionnaires...'"
relation commercial,2502,relation commercial,'accueil bien pensÃ© qualitÃ© d''Ã©coute propositions adaptee'
relation commercial,685,relation commercial,"impossible d'avoir un conseiller par tÃ©lÃ©phone (un comble!!!), leur numÃ©ro est introuvable oÃ¹ que ce soit!?! je mettrais 0 Ã©toile si c'Ã©tait possible!"
relation commercial,517,relation commercial,Personnel trÃ¨s aimable pour faire signer des contrats (sur lesquels ils sont individuellement commissionnÃ©s) mais trÃ¨s rÃ©fractaire lorsque l on a des soucis avec son tÃ©lÃ©phone. De plus lorsque l on cherche Ã  changer pour un autre opÃ©rateur ils cherchent Ã  embrouiller dans les dÃ©marches a effectuer afin d essayer d obliger a rester client chez eux.
relation commercial,2608,relation commercial,personnel pas assez Ã©coute clients
relation commercial,1976,relation commercial,trÃ¨s bien rapide et de bon conseils merci
relation commercial,1488,relation commercial,"Pratiques commerciales honteuses, les vendeurs tentent par tout les moyens de refourguer leurs vieux modÃ¨les... A fuire pas de droit Ã  la rÃ©siliation"
relation commercial,1847,relation commercial,"A EVITER ABSOLUMENT !  J'y ai passÃ© environ 2h pour un problÃ¨me de tÃ©lÃ©phone et d'abonnement, la personne qui s'occupait de moi est partie dÃ©jeuner en plein milieu de la conversation... et m'a conseiller d'appeler le service client... Ã€ quoi cela sert-il d'aller en boutique si c'est pour Ãªtre reÃ§u comme cela ? Je me suis ensuite limite fait INSULTER par le gÃ©rant car ils n'etaient pas capable de faire ce que le service client avait dit.  Ils sont totalement incompÃ©tents et pour chaque problÃ¨me ils vous conseilleront d'appeler le service client orange.  Les vendeurs sont lÃ  pour DRAGUER LES JEUNES FILLES, et ENVOYER BOULER LES MAMIES. Absolument pas commerÃ§ant, je vous DECONSEILLE VIVEMENT d'y aller, Ã  moins d'avoir envie de passer une mauvaise journÃ©e..."
relation commercial,763,relation commercial,Pour moi orange sont les plus compÃ©tentes et un plus c'est l'unique agence qui reste dans le quartier
relation commercial,1576,relation commercial,les conseillers ne parlent avec aucun professionnalisme. ne rÃ©pondent pas aux attentes et ne sont capable de rien selon eux.  je recommande pas du tout cette boutique !  il vaut aller directement Ã  opÃ©ra.
temps d'attente,1512,temps d'attente,personnel super compÃ£Â©tent trÃ£Â¨s peu dÃ¢Â€Â™attente jÃ¢Â€Â™ai rien Ã£Â  dire autre chose que allez y les yeux fermÃ£Â©s
temps d'attente,1954,temps d'attente,"45 mn dâ€™attente pour une box Ã  Ã©changer ce qui a pris moins de 5 mn au final .. il y a un tri fait dÃ¨s lâ€™arrivÃ©e mais qui ne sert Ã  rien car si vous Ãªtes lÃ  pour acheter, vous passez en prioritÃ© !"
temps d'attente,741,temps d'attente,"trÃ¨s dÃ©Ã§u par orange pro , beaucoup dâ€™attends  , venu deux fois pour avoir un forfait , service pro orange  devenu incompetents"
temps d'attente,1201,temps d'attente,l attente est trop longue. les explications sur mon problÃ¨me de paiement sans contact mobile ne sont pas concluantes. pas de test sur place si le mobile marche ou non. a vous de dÃ©brouiller Ã  l extÃ©rieur. on a payÃ© pour un  produit qui ne fonctionne pas. mon mobile je l'ai achetÃ© chez orange il y a 1 mois c est un sumsung a5 android version 7.
temps d'attente,81,temps d'attente,"arrivÃ© Ã  lâ€™ouverture Ã  10:00, 3 personnes devant moi, il est 11h et jâ€™attends toujours !!"
temps d'attente,1764,temps d'attente,'horrible... temps d''attente digne d''un film d''horreur.. c''est Ã  dire sans fin...de plus il y a deux agents de sÃ©curitÃ©... pour faire quoi ? recrutez du personnel Ã  la place Ã§a sera plus judicieux.'
temps d'attente,1394,temps d'attente,attente trop longue
temps d'attente,12,temps d'attente,'(traduit par google) attendu dans une file d''attente de 30 minutes que les employÃ©s me disent qu''ils ne vendent qu''un seul forfait mobile trop cher de 20 go de donnÃ©es pour 50 euros. ils n''offrent rien d''autre. un petit.  (original) waited in a 30 minute line for the employees to tell me that they only sell one overpriced mobile plan of 20gb of data for 50 euro. they do not offer anything else. a petty.'
temps d'attente,1415,temps d'attente,"'un peu moins 1h d''attente, qui ont succÃ©dÃ© Ã  2h45 Ã  bien expliquer au commercial mes besoins et ce que je cherchais.  j''avais apportÃ© tous les documents nÃ©cessaires Ã  mon adhÃ©sion chez orange.   le commercial s''est trompÃ© de numÃ©ro pour ma portabilitÃ©. il m''avait annoncÃ© et promis une rÃ©duction promotionnelle sur mes abonnements tÃ©lÃ©phonique, internet et tÃ©lÃ©vision.   rÃ©sultat aucune rÃ©duction, j''ai dÃ» tout payer plein pot. le service commercial qui m''a rappelÃ© 2 mois plus tard, m''a indiquer que finalement je ne correspondait Ã  aucune des cases de validation des promotions indiquÃ© en boutique.  par exemple, la promotion sur internet ne valait que pour la fibre. or il n''y avait pas de fibre Ã  l''Ã©poque dans mon immeuble ce que j''avais pris les 2h45 pour bien expliquer au commercial en boutique.  le rÃ©seau orange fonctionne bien, contrairement Ã  mon ancien prestataire f***. par contre mentir ouvertement au client pour les forcer Ã  prendre telle ou telle offre, c''est juste limite !!!'"
temps d'attente,191,temps d'attente,beaucoup de personnel avec peu d'efficacitÃ©. attente interminable
temps d'attente,1886,temps d'attente,attente insupportable. des personnes arrivÃ©es aprÃ¨s moi sont passÃ©es devant moi. on m'a vendu un appareil complÃ¨tement inutile pour mes vacances. je suis vraiment en colÃ¨re car j'ai fait confiance au commercial. j'aurai dÃ» me mÃ©fier car la surprise m'attendait Ã  la facture suivante. des options non contractÃ©es m'ont Ã©tÃ© imputÃ©es Ã  tort. heureusement que le service client est plus rÃ©actif et respecte rÃ©ellement la clientÃ¨le.
temps d'attente,1500,temps d'attente,"Temps dâ€™attente extrÃªmement long, nous Ã©tions trois clients. Les conseillers passent et ne dise pas bonjour( une impression de dÃ©ranger) et la boutique est surchauffÃ©e."
temps d'attente,1626,temps d'attente,'personnel aidant et aimable mais un peu d''attente Ã  prÃ©voir'
temps d'attente,2585,temps d'attente,rapide et efficace
temps d'attente,1729,temps d'attente,"c'est une bonne boutique accueillante , mais toujours trop de monde ! "
temps d'attente,681,temps d'attente,"ce qui est formidable, ce sont les rÃ©ponses robotisÃ©es ""nous prenons en compte votre avis et nous faisons tout pour rÃ©duire le temps d'attente...etc""  et visiblement, aucun changement dans cette agence. quand Ã  l'application ""mes boutiques"", elle est introuvable. pourquoi ne peut-on pas mettre 0 Ã©toile ?"
temps d'attente,1772,temps d'attente,"'attente interminable, mauvaise gestion de la file d''attente'"
temps d'attente,592,temps d'attente,beaucoup d'attente (environ 30 minutes) du fait que les vendeurs soient obligÃ£Â©s de dÃ£Â©passer leur rÃ£Â´le et de jouer les pÃ£Â©dagogues avec des clients pas trÃ£Â¨s douÃ£Â©s... ils sont vraiment patients... accueil aimable et professionnel.
temps d'attente,229,temps d'attente,competence mais trop d'attente
temps d'attente,120,temps d'attente,45 mn de retard a l ouverture ....
temps d'attente,1382,temps d'attente,(traduit par google) le service prend un peu de temps et personne ne peut vraiment rÃ©pondre Ã  une personne parlant anglais.  (original) the service takes a bit long and they dont really have anyone who can really cater to an english speaking person
temps d'attente,2532,temps d'attente,Attente interminable. DÃ©sorganisÃ©.
temps d'attente,1235,temps d'attente,"service tellement lent... 1h d'attente et 2 vendeurs seulement prÃ©sent au comptoir. pourtant j'ai vu passÃ© au total 5 vendeurs qui papotaient ! vendeurs mÃ©prisable et incapable de parler une autre langue que le franÃ§ais, du coup encore plus mÃ©prisable envers les touristes/Ã©trangers. le systÃ¨me de prise en charge (passÃ© par un vendeur pour se prÃ©senter puis attendre) est lamentable ! une dame qui Ã©tait arrivÃ© aprÃ¨s une autre a Ã©tÃ© pris avant elle donc elle a quittÃ© la boutique : les vendeurs se moquent d'elle car elle est Ã©nervÃ©. le vendeur avec qui je suis passÃ© parlait trÃ¨s fort, gÃ©niale la discrÃ©tion ! toute la boutique a pu entendre mes informations personnelles ! boutique Ã  fuir !!!"
temps d'attente,1539,temps d'attente,"trop d attente, personnel pas competents"
temps d'attente,1744,temps d'attente,boutique petite trop  d attente trop longue et personnel  peu aimable  je ne recommande  pas cetre boutique
temps d'attente,2127,temps d'attente,beaucoup d'attente
temps d'attente,1932,temps d'attente,Un peu d attente
temps d'attente,2121,temps d'attente,(Traduit par Google) L'accueil est trop sophistiquÃ© pour aboutir Ã  une longue file d'attente pour un service de base  (Original) Welcoming is too much sophisticated to end up with a long queue for a basic service
temps d'attente,1194,temps d'attente,Beaucoup d attente mais professionnel
temps d'attente,25,temps d'attente,"bel endroit, mais une attente infinie pire qu'une administration."
temps d'attente,1378,temps d'attente,mauvaise organisation. j'ai attendu pour finalement ne pas Ãªtre servi...
temps d'attente,1547,temps d'attente,Attention le temps d'attente est trÃ¨s long
temps d'attente,2406,temps d'attente,"Boutique tres elegante, personnel agrÃ©able mais attente trÃ¨s longue : 45 minutes pour rÃ©cupÃ©rer un tÃ©lÃ©phone dÃ©jÃ  payÃ©."
temps d'attente,553,temps d'attente,"une heure d'attente, vendeurs disant des choses contraire aux conseillers tÃ©lÃ©phoniques sur le 3900. service catastrophique!"
temps d'attente,2027,temps d'attente,trop de monde donc beaucoup d'attente. mais service correct.
temps d'attente,1783,temps d'attente,attente interminable et personnel peu agrÃ©able. le vendeur Ã©tait limite en train de me crier dessus !
temps d'attente,1930,temps d'attente,"Client premium, attente consÃ©quente"
temps d'attente,1114,temps d'attente,"une petite boutique, beaucoup de monde et pas beaucoup de personnel. Ã£Â€ eviter"
temps d'attente,1064,temps d'attente,peu d'attente et bien organisÃ©
temps d'attente,344,temps d'attente,"Attente trÃ¨s longue. Une demi-heure d'attente, (pourtant, pas vraiment Ã  une heure d'affluence), juste pour rendre du matÃ©riel (ce qui a pris 5 minutes)."
temps d'attente,1526,temps d'attente,"je suis allÃ© ici pour une carte sim. lâ€™attente pour obtenir le service a pris trop de temps, environ vingt minutes, pour acheter deux cartes sim."
temps d'attente,1487,temps d'attente,Attente de 20mn pour s entendre direqu il faut se faire enregistrer le tout pour un article en rupture de stock
temps d'attente,595,temps d'attente,Nul trop long pour une carte sim pour ma maman heureusement que moi je suis  chez Bouygues . :(
temps d'attente,1677,temps d'attente,Trop. Long.pour.attendre
temps d'attente,1879,temps d'attente,temps d'attente imprÃ©visible.  services standards conseillers plus ou moins fiables et arrogants.
temps d'attente,185,temps d'attente,"Ã   18h 30 pas de queue. ...accueil aimable,  personnel compÃ©tent ."
temps d'attente,1792,temps d'attente,"'un temps d''attente inadmissible, un personnel peu souriant, peu serviable et Ã  la limite se moquant totalement de vos problÃ¨mes. opÃ©rateur Ã  Ã©viter.'"
temps d'attente,1551,temps d'attente,beaucoup beaucoup de monde et donc d'attente. vendeurs sympathiques et compÃ£Â©tents dans l'ensemble car certains sont plutÃ£Â´t mal aimables
temps d'attente,1696,temps d'attente,"'45 minutes d''attente pour un renseignement! pas pressÃ© de servir les clients. accueil de m****, vendeur incompÃ©tent, au final jai trouvÃ© la solution a mon problÃ¨me sur internet via un forum orange !! (comment configurer mon hotspot wifi)'"
temps d'attente,2583,temps d'attente,Pas trÃ¨s marrant d'avoir une urgence tÃ©lÃ©phone et constater que la boutique ferme 40 min Ã  l'avance! Surtout que le dimanche tout est fermÃ© Ã©videmment.
Ã©motion,1612,Ã©motion,je ne m'y sent pas bien.
Ã©motion,2291,Ã©motion,Ils sont mous !
Ã©motion,946,Ã©motion,J'ai Ã©tÃ© trÃ¨s bien reÃ§u
Ã©motion,2458,Ã©motion,bon
Ã©motion,1746,Ã©motion,agrÃ£Â©able et efficace je recommande
Ã©motion,765,Ã©motion,bien
Ã©motion,1311,Ã©motion,trÃ¨s bonne Ã©quipe efficace et Ã  l'Ã©coute!
Ã©motion,792,Ã©motion,"grosso modo je cherche puis attend un vendeur de disponible (dizaine de vendeurs pour une dizaine de clients).  mon regard croise certains regards fuyants de certains vendeurs durant cette attente. puis aprÃ¨s 10min d'attente incertaine, je me dÃ©cide d'intercepter une vendeuse mais elle me rÃ©pond  ""ah moi je ne m'occupe pas du tout des tÃ©lÃ©phones mobiles"".   bis repetita, je refais la mÃªme attente pour une autre vendeuse pour qu'elle me rÃ©ponde ""dÃ©solÃ© si vous voulez un tÃ©lÃ©phone il faut prendre un forfait mobile avec""...  sur le site internet, on peut se procurer des tÃ©lÃ©phones vendus seuls mais pas en boutique physique."
Ã©motion,2632,Ã©motion,boutique Ã£Â  Ã£Â©viter!
Ã©motion,2270,Ã©motion,top des boutiques orange
Ã©motion,2627,Ã©motion,employÃ£Â©s dÃ£Â©plorables !
Ã©motion,55,Ã©motion,Terrible experience. Aucune posture de service.  A fuir...
Ã©motion,723,Ã©motion,trÃ¨s bien
Ã©motion,1090,Ã©motion,trÃ¨s bon conseil et trÃ¨s disponible
Ã©motion,1215,Ã©motion,"catastrophique  une conseillÃ¨re qui ne se prÃ©occupe trÃ¨s peu de ce que l'on souhaite ne cherche pas de solution malgrÃ© le rdv pris par orange hotline s'agace trÃ¨s rapidement devant votre Ã©tonnement  vulgaire, dÃ©sagrÃ©able et totalement inutile des progrÃ¨s Ã  faire encore par orange pour un service correct et pour un personnel compÃ©tent et respectueux."
Ã©motion,1968,Ã©motion,le conseiller pour les professionnels est vraiment au top et de plus trÃ¨s sympa  (pas d'attente si rdv fixÃ©)
Ã©motion,1384,Ã©motion,"service client parfait. personnel trÃ£Â¨s Ã£Â  l'Ã£Â©coute de mes besoin et trÃ£Â¨s serviable. peu d'attente, Ã£Â§a change... merci Ã£Â  l'Ã£Â©quipe !"
Ã©motion,1593,Ã©motion,(traduit par google) bien  (original) good
Ã©motion,490,Ã©motion,correct
Ã©motion,1277,Ã©motion,TrÃ¨s bon accueil satisfaisant
Ã©motion,1111,Ã©motion,"accueil un peu poussif et amateurs,  mais gentillesse et politesse"
Ã©motion,1263,Ã©motion,"mauvaise expÃ©rience,  un vendeur malhonnÃªte et idiot, aucun respect ."
Ã©motion,2572,Ã©motion,jeune vendeur agreable dynamique. binne prestation. je recommande !
Ã©motion,127,Ã©motion,si il y avait personne c'Ã©tait pareil !!!
Ã©motion,1915,Ã©motion,lieu sympathique vendeur compÃ©tent produits de qualitÃ©s
Ã©motion,2239,Ã©motion,AprÃ¨s  5 minutes on m adresse Ã  un autre technicien !  Impossible de me dire comment ne plus recevoir  RT = Russia today que je n ai jamais demandÃ© Ã  avoir  et est trÃ¨s  tendancieux!!!
Ã©motion,470,Ã©motion,le service est correct.
Ã©motion,1556,Ã©motion,equipe de trÃ£Â¨s pro
Ã©motion,1916,Ã©motion,super conseil rÃ£Â©actif et efficace  merci Ã£Â  myriam Ã°ÂŸÂ˜Â€
Ã©motion,877,Ã©motion,sympa
Ã©motion,2550,Ã©motion,Parfait. Rapide et efficace   Merci
Ã©motion,31,Ã©motion,(traduit par google) service excellent. dedans et dehors!  (original) excellent service.  in and out!
Ã©motion,2178,Ã©motion,"vous venez rÃ©cupÃ©rer un colis. on vous dit de venir en bas attendre pour votre colis. vous attendez 20mn. on vous rappelle en haut, pour vous dire qu'on vous a placÃ© sur la mauvaise file. on vÃ©rifie avec la personne qui nous a placÃ© sur la file, elle nous annonce que quand l'attente est trop longue en bas, ils renvoient les gens en haut... moralitÃ©, on fait deux fois la queue, mais la deuxiÃ¨me fois ""en prioritÃ©"" ce qui veut dire, en prioritÃ© comme les deux autres dÃ©jÃ  en prioritÃ© donc en troisiÃ¨me... la rÃ©ponse gÃ©nÃ©rale du service de la boutique : ""j'ai fais ce que je peux moi"". quelle honte."
Ã©motion,2638,Ã©motion,"Worst service ever!!!!  No will to help, they ripped us off"
Ã©motion,966,Ã©motion,Service affligeant. A fuir!
Ã©motion,1647,Ã©motion,bien quand personne
Ã©motion,1543,Ã©motion,DÃ©bordÃ©s. ...Pas de leur faute !
Ã©motion,1349,Ã©motion,bien
Ã©motion,831,Ã©motion,magasin de tÃ©lÃ©phonie comme les autres ras
Ã©motion,1854,Ã©motion,"Confirme ce que je pensais d'Orange depuis des annÃ©e, Go to SFR ! (en plus moins cher)"
Ã©motion,2482,Ã©motion,personnel dÃ©testable et incompÃ©tent.
Ã©motion,370,Ã©motion,ils sont trÃ¨s professionnels et prennent le temps de s'occuper de vous
Ã©motion,919,Ã©motion,Je vous recommande cette boutique Orange pour la bienveillance des agents merci pour tant de belle choses
Ã©motion,1591,Ã©motion,"Leur devise : c'est pas nous ! Inutiles, donc. Et aussi mauvais et menteurs que leur ""service"" clients dÃ©plorable"
Ã©motion,1186,Ã©motion,efficace
Ã©motion,1346,Ã©motion,Ce trÃ¨s bien aussi ğŸ‘ğŸ‘ğŸ‘ğŸ‘ğŸ‘
Ã©motion,337,Ã©motion,"je me suis rendue la bas pour changer de mobile, je suis tombÃ©e sur un vendeur incompÃ©tent ce qui m'a coutÃ© de rester toutes l'apres midi chez eux car il  a fait des bourdes l'une aprÃ¨s l'autre sans se stresser en plus. il a fait tomber un iphone x sans se prendre la tete et en le remettant dans la boite normal. je passe les dÃ©tails de cet apres midi foireuse. s'abstenir d'aller la bas vraiment !!!!!!!!"
Ã©motion,1931,Ã©motion,magasin refait a neuf mais.... vendeur dÃ£Â©sagrÃ£Â©able! j'ai jamais vu Ã£Â§a!  hautain et je m'en foutisme de l'extrÃ£Âªme! on ne reviendra plus. super image d'orange ! si je pouvais mettre une note nÃ£Â©gative je l'aurai fait! fuyez
Ã©motion,2454,Ã©motion,(Traduit par Google) Excellent  (Original) Excelente
Ã©motion,2160,Ã©motion,TrÃ¨s sympathique
